{"0.0": 121.45703125, "0.1": 196.078125, "0.2": 265.578125, "0.3": 349.52734375, "0.4": 416.27734375, "0.5": 674.8828125, "0.6": 682.86328125, "0.7": 674.8828125, "0.8": 682.86328125, "0.9": 674.61328125, "1.0": 682.2109375, "1.1": 682.21484375, "1.2": 674.42578125, "1.3": 682.21484375, "1.4": 774.7890625, "1.5": 775.09375, "1.6": 774.7890625, "1.7": 775.09375, "1.8": 773.609375, "1.9": 178.13671875, "2.0": 170.78125, "2.1": 169.69921875, "2.2": 3.75390625}